gene,type
A0A0B4U6M2,growth_factors_&_receptors
A0A0Y0IMM4,growth_factors_&_receptors
A0A0Y0J542,growth_factors_&_receptors
A0A140VJC8,growth_factors_&_receptors
A0A140VJI7,growth_factors_&_receptors
A0A140VJM7,hormones_&_receptors
A0A1U9WZ84,growth_factors_&_receptors
A0A1U9WZ84,hormones_&_receptors
A0A2R8Y747,hormones_&_receptors
A0A384N655,hormones_&_receptors
A0A384NPH9,growth_factors_&_receptors
A0A384NYY3,growth_factors_&_receptors
A0A3B3ISS9,growth_factors_&_receptors
A0A3B3ISS9,hormones_&_receptors
A1Z2K1,growth_factors_&_receptors
A2M,growth_factors_&_receptors
A2NWD3,growth_factors_&_receptors
A6XGL1,hormones_&_receptors
A6XMH1,hormones_&_receptors
A6XMH3,hormones_&_receptors
A6XNC9,growth_factors_&_receptors
A6XND1,growth_factors_&_receptors
A6XND7,hormones_&_receptors
A8K147,growth_factors_&_receptors
A8K673,growth_factors_&_receptors
A8K694,growth_factors_&_receptors
A8K6C9,growth_factors_&_receptors
A8K6C9,hormones_&_receptors
A8K6K9,growth_factors_&_receptors
A8K7E4,hormones_&_receptors
A8K852,growth_factors_&_receptors
A8K878,growth_factors_&_receptors
A8K9V7,growth_factors_&_receptors
A8KAM8,growth_factors_&_receptors
ABHD2,hormones_&_receptors
ACKR3,cytokin/chemokine_&_receptors
ACKR4,cytokin/chemokine_&_receptors
ACVR1,cytokin/chemokine_&_receptors
ACVR1,growth_factors_&_receptors
ACVR1,hormones_&_receptors
ACVR1B,cytokin/chemokine_&_receptors
ACVR1B,growth_factors_&_receptors
ACVR1C,cytokin/chemokine_&_receptors
ACVR1C,growth_factors_&_receptors
ACVR2A,cytokin/chemokine_&_receptors
ACVR2A,growth_factors_&_receptors
ACVR2B,cytokin/chemokine_&_receptors
ACVR2B,growth_factors_&_receptors
ACVRL1,cytokin/chemokine_&_receptors
ACVRL1,growth_factors_&_receptors
ADA2,growth_factors_&_receptors
ADAM17,growth_factors_&_receptors
ADCYAP1,hormones_&_receptors
ADCYAP1R1,hormones_&_receptors
ADID,hormones_&_receptors
ADIPOQ,hormones_&_receptors
ADIPOR1,hormones_&_receptors
ADIPOR2,hormones_&_receptors
ADM,hormones_&_receptors
ADM2,hormones_&_receptors
AGR2,growth_factors_&_receptors
AgRP,hormones_&_receptors
AGRP,hormones_&_receptors
AGT,growth_factors_&_receptors
AGT,hormones_&_receptors
ALDH1A1,hormones_&_receptors
ALDH1A3,hormones_&_receptors
AMBN,growth_factors_&_receptors
AMELX,growth_factors_&_receptors
AMH,cytokin/chemokine_&_receptors
AMH,hormones_&_receptors
AMH,growth_factors_&_receptors
AMHR2,cytokin/chemokine_&_receptors
AMHR2,hormones_&_receptors
ANGPTL3,growth_factors_&_receptors
ANGPTL8,hormones_&_receptors
APELA,hormones_&_receptors
API5,growth_factors_&_receptors
APLN,hormones_&_receptors
APP,growth_factors_&_receptors
APP,hormones_&_receptors
AR,hormones_&_receptors
AREG,growth_factors_&_receptors
ARF4,growth_factors_&_receptors
ARTN,growth_factors_&_receptors
ASIP,hormones_&_receptors
ATP1A1,hormones_&_receptors
ATP1A2,hormones_&_receptors
ATP1A3,hormones_&_receptors
ATXN2,growth_factors_&_receptors
AVP,hormones_&_receptors
AVPR1A,hormones_&_receptors
AVPR1B,hormones_&_receptors
B2R6I6,hormones_&_receptors
B2R773,hormones_&_receptors
B2R7T2,growth_factors_&_receptors
B2R8C7,growth_factors_&_receptors
B2R8Y2,hormones_&_receptors
B2R9K6,growth_factors_&_receptors
B2R9M9,growth_factors_&_receptors
B2RBW9,growth_factors_&_receptors
B2RBW9,hormones_&_receptors
B2RC63,growth_factors_&_receptors
B2ZPJ8,growth_factors_&_receptors
B3KNF2,hormones_&_receptors
B3KPF0,growth_factors_&_receptors
B3KQF4,growth_factors_&_receptors
B3KRJ8,growth_factors_&_receptors
B3KRW4,growth_factors_&_receptors
B3KRZ1,growth_factors_&_receptors
B3KTQ0,growth_factors_&_receptors
B3KTS0,growth_factors_&_receptors
B3KTS7,growth_factors_&_receptors
B3KVF9,growth_factors_&_receptors
B3KVH9,growth_factors_&_receptors
B3KVY6,growth_factors_&_receptors
B4DDX7,growth_factors_&_receptors
B4DEK3,growth_factors_&_receptors
B4DI63,growth_factors_&_receptors
B4DL74,growth_factors_&_receptors
B4DMM4,growth_factors_&_receptors
B4DN53,growth_factors_&_receptors
B4DNQ5,growth_factors_&_receptors
B4DP07,growth_factors_&_receptors
B4DTX0,growth_factors_&_receptors
B4DUF7,growth_factors_&_receptors
B4DVM1,growth_factors_&_receptors
B4E3A5,growth_factors_&_receptors
B7Z1C3,growth_factors_&_receptors
B7Z222,hormones_&_receptors
B7Z6E9,hormones_&_receptors
B7Z6Q9,hormones_&_receptors
BDNF,growth_factors_&_receptors
BMP1,growth_factors_&_receptors
BMP10,cytokin/chemokine_&_receptors
BMP10,hormones_&_receptors
BMP10,growth_factors_&_receptors
BMP15,cytokin/chemokine_&_receptors
BMP15,growth_factors_&_receptors
BMP2,cytokin/chemokine_&_receptors
BMP2,growth_factors_&_receptors
BMP3,cytokin/chemokine_&_receptors
BMP3,growth_factors_&_receptors
BMP4,cytokin/chemokine_&_receptors
BMP4,growth_factors_&_receptors
BMP5,cytokin/chemokine_&_receptors
BMP5,growth_factors_&_receptors
BMP6,cytokin/chemokine_&_receptors
BMP6,growth_factors_&_receptors
BMP7,cytokin/chemokine_&_receptors
BMP7,growth_factors_&_receptors
BMP8A,cytokin/chemokine_&_receptors
BMP8A,growth_factors_&_receptors
BMP8B,cytokin/chemokine_&_receptors
BMP8B,growth_factors_&_receptors
BMPR1A,cytokin/chemokine_&_receptors
BMPR1B,cytokin/chemokine_&_receptors
BMPR2,cytokin/chemokine_&_receptors
BMPY,growth_factors_&_receptors
BTC,growth_factors_&_receptors
C1QTNF12,hormones_&_receptors
C1QTNF9,hormones_&_receptors
C2CD2L,hormones_&_receptors
CADM4,growth_factors_&_receptors
CALCA,hormones_&_receptors
CALCB,hormones_&_receptors
CALCR,hormones_&_receptors
CALCRL,hormones_&_receptors
CALR,hormones_&_receptors
CARTPT,hormones_&_receptors
CBLC,growth_factors_&_receptors
CCDC88A,growth_factors_&_receptors
CCK,hormones_&_receptors
CCKAR,hormones_&_receptors
CCKBR,hormones_&_receptors
CCL1,cytokin/chemokine_&_receptors
CCL11,cytokin/chemokine_&_receptors
CCL13,cytokin/chemokine_&_receptors
CCL14,cytokin/chemokine_&_receptors
CCL15,cytokin/chemokine_&_receptors
CCL16,cytokin/chemokine_&_receptors
CCL17,cytokin/chemokine_&_receptors
CCL18,cytokin/chemokine_&_receptors
CCL19,cytokin/chemokine_&_receptors
CCL2,cytokin/chemokine_&_receptors
CCL20,cytokin/chemokine_&_receptors
CCL21,cytokin/chemokine_&_receptors
CCL22,cytokin/chemokine_&_receptors
CCL23,cytokin/chemokine_&_receptors
CCL24,cytokin/chemokine_&_receptors
CCL25,cytokin/chemokine_&_receptors
CCL25,hormones_&_receptors
CCL26,cytokin/chemokine_&_receptors
CCL27,cytokin/chemokine_&_receptors
CCL28,cytokin/chemokine_&_receptors
CCL3,cytokin/chemokine_&_receptors
CCL3L1,cytokin/chemokine_&_receptors
CCL3L3,cytokin/chemokine_&_receptors
CCL4,cytokin/chemokine_&_receptors
CCL4L1,cytokin/chemokine_&_receptors
CCL4L2,cytokin/chemokine_&_receptors
CCL5,cytokin/chemokine_&_receptors
CCL7,cytokin/chemokine_&_receptors
CCL8,cytokin/chemokine_&_receptors
CCN1,growth_factors_&_receptors
CCN2,growth_factors_&_receptors
CCN3,growth_factors_&_receptors
CCN6,growth_factors_&_receptors
CCR1,cytokin/chemokine_&_receptors
CCR10,cytokin/chemokine_&_receptors
CCR2,cytokin/chemokine_&_receptors
CCR3,cytokin/chemokine_&_receptors
CCR4,cytokin/chemokine_&_receptors
CCR5,cytokin/chemokine_&_receptors
CCR6,cytokin/chemokine_&_receptors
CCR7,cytokin/chemokine_&_receptors
CCR8,cytokin/chemokine_&_receptors
CCR9,cytokin/chemokine_&_receptors
CD109,growth_factors_&_receptors
CD27,cytokin/chemokine_&_receptors
CD2AP,growth_factors_&_receptors
CD300LF,growth_factors_&_receptors
CD320,growth_factors_&_receptors
CD36,growth_factors_&_receptors
CD4,cytokin/chemokine_&_receptors
CD40,cytokin/chemokine_&_receptors
CD40LG,cytokin/chemokine_&_receptors
CD70,cytokin/chemokine_&_receptors
CDH13,hormones_&_receptors
CDH5,growth_factors_&_receptors
CDNF,growth_factors_&_receptors
CENPS-CORT,hormones_&_receptors
CEP57,growth_factors_&_receptors
CGA,hormones_&_receptors
CGB1,hormones_&_receptors
CGB2,hormones_&_receptors
CGB3,hormones_&_receptors
cgb3-cga_human,hormones_&_receptors
CGB5,hormones_&_receptors
CGB7,hormones_&_receptors
CHGB,hormones_&_receptors
CHRDL1,growth_factors_&_receptors
CLCF1,growth_factors_&_receptors
CLCF1,cytokin/chemokine_&_receptors
CLEC11A,growth_factors_&_receptors
CMKLR1,hormones_&_receptors
CMKLR2,hormones_&_receptors
CNOT9,growth_factors_&_receptors
CNTF,growth_factors_&_receptors
CNTF,cytokin/chemokine_&_receptors
CNTFR,cytokin/chemokine_&_receptors
COL1A1,growth_factors_&_receptors
COL1A2,growth_factors_&_receptors
COL2A1,growth_factors_&_receptors
COL3A1,growth_factors_&_receptors
COL4A1,growth_factors_&_receptors
COL5A1,growth_factors_&_receptors
COL6A1,growth_factors_&_receptors
COPA,hormones_&_receptors
CORT,hormones_&_receptors
CRH,hormones_&_receptors
CRHBP,hormones_&_receptors
CRHR1,hormones_&_receptors
CRHR2,hormones_&_receptors
CRIM1,growth_factors_&_receptors
CRLF2,cytokin/chemokine_&_receptors
CRYM,hormones_&_receptors
CSF1,growth_factors_&_receptors
CSF1,cytokin/chemokine_&_receptors
CSF1R,cytokin/chemokine_&_receptors
CSF2,cytokin/chemokine_&_receptors
CSF2,growth_factors_&_receptors
CSF2RA,cytokin/chemokine_&_receptors
CSF2RB,cytokin/chemokine_&_receptors
CSF3,growth_factors_&_receptors
CSF3,cytokin/chemokine_&_receptors
CSF3R,cytokin/chemokine_&_receptors
CSH1,growth_factors_&_receptors
CSH1,cytokin/chemokine_&_receptors
CSH1,hormones_&_receptors
CSH2,growth_factors_&_receptors
CSH2,cytokin/chemokine_&_receptors
CSH2,hormones_&_receptors
CSHL1,growth_factors_&_receptors
CSHL1,hormones_&_receptors
CSPG5,growth_factors_&_receptors
CTF1,cytokin/chemokine_&_receptors
CTSH,hormones_&_receptors
CX3CL1,cytokin/chemokine_&_receptors
CX3CR1,cytokin/chemokine_&_receptors
CXCL1,growth_factors_&_receptors
CXCL1,cytokin/chemokine_&_receptors
CXCL10,cytokin/chemokine_&_receptors
CXCL11,cytokin/chemokine_&_receptors
CXCL12,cytokin/chemokine_&_receptors
CXCL12,growth_factors_&_receptors
CXCL13,cytokin/chemokine_&_receptors
CXCL13,growth_factors_&_receptors
CXCL14,cytokin/chemokine_&_receptors
CXCL16,cytokin/chemokine_&_receptors
CXCL17,cytokin/chemokine_&_receptors
CXCL2,cytokin/chemokine_&_receptors
CXCL3,cytokin/chemokine_&_receptors
CXCL5,cytokin/chemokine_&_receptors
CXCL6,cytokin/chemokine_&_receptors
CXCL8,cytokin/chemokine_&_receptors
CXCL9,cytokin/chemokine_&_receptors
CXCR1,cytokin/chemokine_&_receptors
CXCR2,cytokin/chemokine_&_receptors
CXCR3,cytokin/chemokine_&_receptors
CXCR4,cytokin/chemokine_&_receptors
CXCR5,cytokin/chemokine_&_receptors
CXCR6,cytokin/chemokine_&_receptors
DAB2IP,growth_factors_&_receptors
DKFZp686A06204,growth_factors_&_receptors
DKFZp781F1414,growth_factors_&_receptors
DKK1,growth_factors_&_receptors
E7CCH4,hormones_&_receptors
EBI3,cytokin/chemokine_&_receptors
EBI3,hormones_&_receptors
ECE1,hormones_&_receptors
ECM1,growth_factors_&_receptors
ECRG4,hormones_&_receptors
EDA,cytokin/chemokine_&_receptors
EDA2R,cytokin/chemokine_&_receptors
EDAR,cytokin/chemokine_&_receptors
EDN1,hormones_&_receptors
EDN2,hormones_&_receptors
EDN3,hormones_&_receptors
EDNRB,hormones_&_receptors
EFEMP1,growth_factors_&_receptors
EGF,growth_factors_&_receptors
EGFR,growth_factors_&_receptors
EGFR,hormones_&_receptors
ENDOU,growth_factors_&_receptors
ENG,growth_factors_&_receptors
ENHO,hormones_&_receptors
EPGN,growth_factors_&_receptors
EPHA2,growth_factors_&_receptors
EPHA7,growth_factors_&_receptors
EPHA8,growth_factors_&_receptors
EPO,cytokin/chemokine_&_receptors
EPO,hormones_&_receptors
EPOR,cytokin/chemokine_&_receptors
ERAP1,growth_factors_&_receptors
ERBB2,growth_factors_&_receptors
ERBB3,growth_factors_&_receptors
ERBB4,growth_factors_&_receptors
EREG,growth_factors_&_receptors
ERFE,hormones_&_receptors
ERN1,growth_factors_&_receptors
ESM1,growth_factors_&_receptors
F2,growth_factors_&_receptors
F6MF51,growth_factors_&_receptors
FABP4,hormones_&_receptors
FAM83B,growth_factors_&_receptors
FAS,cytokin/chemokine_&_receptors
FASLG,cytokin/chemokine_&_receptors
FBN1,hormones_&_receptors
FBN2,hormones_&_receptors
FBXW7-AS1,growth_factors_&_receptors
FER,growth_factors_&_receptors
fgf gene,growth_factors_&_receptors
FGF1,growth_factors_&_receptors
FGF10,growth_factors_&_receptors
FGF11,growth_factors_&_receptors
FGF12,growth_factors_&_receptors
FGF13,growth_factors_&_receptors
FGF14,growth_factors_&_receptors
FGF16,growth_factors_&_receptors
FGF17,growth_factors_&_receptors
FGF18,growth_factors_&_receptors
FGF19,growth_factors_&_receptors
FGF1A,growth_factors_&_receptors
FGF1B,growth_factors_&_receptors
FGF1D,growth_factors_&_receptors
FGF2,growth_factors_&_receptors
FGF20,growth_factors_&_receptors
FGF21,growth_factors_&_receptors
FGF22,growth_factors_&_receptors
FGF23,growth_factors_&_receptors
FGF2B,growth_factors_&_receptors
FGF3,growth_factors_&_receptors
FGF3A,growth_factors_&_receptors
FGF4,growth_factors_&_receptors
FGF4A,growth_factors_&_receptors
FGF4B,growth_factors_&_receptors
FGF4C,growth_factors_&_receptors
FGF5,growth_factors_&_receptors
FGF5A,growth_factors_&_receptors
FGF5B,growth_factors_&_receptors
FGF5C,growth_factors_&_receptors
FGF5D,growth_factors_&_receptors
FGF6,growth_factors_&_receptors
FGF6A,growth_factors_&_receptors
FGF6B,growth_factors_&_receptors
FGF6C,growth_factors_&_receptors
FGF7,growth_factors_&_receptors
FGF7A,growth_factors_&_receptors
FGF7B,growth_factors_&_receptors
FGF8,growth_factors_&_receptors
FGF8A,growth_factors_&_receptors
FGF8B,growth_factors_&_receptors
FGF8C,growth_factors_&_receptors
FGF9,growth_factors_&_receptors
FGFA,growth_factors_&_receptors
FGFBP1,growth_factors_&_receptors
FGFBP2,growth_factors_&_receptors
FGFBP3,growth_factors_&_receptors
FGFR1,growth_factors_&_receptors
FGFR2,growth_factors_&_receptors
FGFR3,growth_factors_&_receptors
FGFR4,growth_factors_&_receptors
FGFRL1,growth_factors_&_receptors
FIBP,growth_factors_&_receptors
FLJ00080,growth_factors_&_receptors
FLRT2,growth_factors_&_receptors
FLRT3,growth_factors_&_receptors
FLT1,growth_factors_&_receptors
FLT3,growth_factors_&_receptors
FLT4,growth_factors_&_receptors
FNDC5,hormones_&_receptors
FRS2,growth_factors_&_receptors
FRS3,growth_factors_&_receptors
FSHB,hormones_&_receptors
fshb-cga_human,hormones_&_receptors
FSHR,hormones_&_receptors
FSTL4,growth_factors_&_receptors
FURIN,growth_factors_&_receptors
FYN,growth_factors_&_receptors
GAL,hormones_&_receptors
GALP,hormones_&_receptors
GALR1,hormones_&_receptors
GALR2,hormones_&_receptors
GALR3,hormones_&_receptors
GAS,hormones_&_receptors
GAST,hormones_&_receptors
GATA3,growth_factors_&_receptors
GCG,hormones_&_receptors
GCGR,hormones_&_receptors
GDF1,cytokin/chemokine_&_receptors
GDF1,growth_factors_&_receptors
GDF10,cytokin/chemokine_&_receptors
GDF10,growth_factors_&_receptors
GDF11,cytokin/chemokine_&_receptors
GDF11,growth_factors_&_receptors
GDF15,cytokin/chemokine_&_receptors
GDF15,growth_factors_&_receptors
GDF2,cytokin/chemokine_&_receptors
GDF2,growth_factors_&_receptors
GDF3,cytokin/chemokine_&_receptors
GDF3,growth_factors_&_receptors
GDF3A,growth_factors_&_receptors
GDF5,cytokin/chemokine_&_receptors
GDF5,growth_factors_&_receptors
GDF6,cytokin/chemokine_&_receptors
GDF6,growth_factors_&_receptors
gdf7,growth_factors_&_receptors
GDF7,cytokin/chemokine_&_receptors
GDF7,growth_factors_&_receptors
GDF8,growth_factors_&_receptors
GDF9,cytokin/chemokine_&_receptors
GDF9,growth_factors_&_receptors
GDNF,growth_factors_&_receptors
GFER,growth_factors_&_receptors
GH1,growth_factors_&_receptors
GH1,cytokin/chemokine_&_receptors
GH1,hormones_&_receptors
GH2,growth_factors_&_receptors
GH2,cytokin/chemokine_&_receptors
GH2,hormones_&_receptors
GHB1,hormones_&_receptors
GHB2,hormones_&_receptors
GHB3,hormones_&_receptors
GHB4,hormones_&_receptors
GHR,cytokin/chemokine_&_receptors
GHR,growth_factors_&_receptors
GHR,hormones_&_receptors
GHRH,hormones_&_receptors
GHRHR,growth_factors_&_receptors
GHRHR,hormones_&_receptors
GHRL,hormones_&_receptors
GHSR,hormones_&_receptors
GIP,hormones_&_receptors
GIPR,hormones_&_receptors
GKN1,growth_factors_&_receptors
GLG1,growth_factors_&_receptors
GLMN,growth_factors_&_receptors
GLP1R,hormones_&_receptors
GLP2R,hormones_&_receptors
GMFB,growth_factors_&_receptors
GMFG,growth_factors_&_receptors
GNAO1,hormones_&_receptors
GNAS,hormones_&_receptors
GNRH1,hormones_&_receptors
GNRH2,hormones_&_receptors
GPB5,hormones_&_receptors
GPC1,growth_factors_&_receptors
GPER1,hormones_&_receptors
GPHA2,hormones_&_receptors
GPHB5,hormones_&_receptors
GPI,growth_factors_&_receptors
GRAP,growth_factors_&_receptors
GRB2,growth_factors_&_receptors
GREM1,growth_factors_&_receptors
GRN,growth_factors_&_receptors
GRP,hormones_&_receptors
GUCA2A,hormones_&_receptors
GUCY2C,hormones_&_receptors
H9C875,growth_factors_&_receptors
HAMP,hormones_&_receptors
HAP1,growth_factors_&_receptors
HAX1,growth_factors_&_receptors
HBEGF,growth_factors_&_receptors
hCG_2045882,growth_factors_&_receptors
HCRT,hormones_&_receptors
HCRTR1,hormones_&_receptors
HCRTR2,hormones_&_receptors
HDGF,growth_factors_&_receptors
HDGFL3,growth_factors_&_receptors
HEL-S-99n,hormones_&_receptors
HGF,growth_factors_&_receptors
HIP1,growth_factors_&_receptors
HTRA1,growth_factors_&_receptors
HYAL2,growth_factors_&_receptors
IAPP,hormones_&_receptors
IDE,hormones_&_receptors
IFNA1,cytokin/chemokine_&_receptors
IFNA10,cytokin/chemokine_&_receptors
IFNA13,cytokin/chemokine_&_receptors
IFNA14,cytokin/chemokine_&_receptors
IFNA16,cytokin/chemokine_&_receptors
IFNA17,cytokin/chemokine_&_receptors
IFNA2,cytokin/chemokine_&_receptors
IFNA21,cytokin/chemokine_&_receptors
IFNA4,cytokin/chemokine_&_receptors
IFNA5,cytokin/chemokine_&_receptors
IFNA6,cytokin/chemokine_&_receptors
IFNA7,cytokin/chemokine_&_receptors
IFNA8,cytokin/chemokine_&_receptors
IFNAR1,cytokin/chemokine_&_receptors
IFNAR2,cytokin/chemokine_&_receptors
IFNB1,cytokin/chemokine_&_receptors
IFNE,cytokin/chemokine_&_receptors
IFNG,cytokin/chemokine_&_receptors
IFNGR1,cytokin/chemokine_&_receptors
IFNGR2,cytokin/chemokine_&_receptors
IFNK,cytokin/chemokine_&_receptors
IFNL1,cytokin/chemokine_&_receptors
IFNL2,cytokin/chemokine_&_receptors
IFNL3,cytokin/chemokine_&_receptors
IFNLR1,cytokin/chemokine_&_receptors
IFNW1,cytokin/chemokine_&_receptors
IGF-I,growth_factors_&_receptors
IGF-I,hormones_&_receptors
IGF1,hormones_&_receptors
IGF1,growth_factors_&_receptors
IGF1R,growth_factors_&_receptors
IGF1R,hormones_&_receptors
IGF2,growth_factors_&_receptors
IGF2,hormones_&_receptors
IGF2R,growth_factors_&_receptors
IGFALS,growth_factors_&_receptors
IGFBP1,growth_factors_&_receptors
IGFBP2,growth_factors_&_receptors
IGFBP3,growth_factors_&_receptors
IGFBP4,growth_factors_&_receptors
IGFBP5,growth_factors_&_receptors
IGFBP6,growth_factors_&_receptors
IGFBP7,growth_factors_&_receptors
IGFBPL1,growth_factors_&_receptors
IL-2,growth_factors_&_receptors
IL10,growth_factors_&_receptors
IL10,cytokin/chemokine_&_receptors
IL10RA,cytokin/chemokine_&_receptors
IL10RA,growth_factors_&_receptors
IL10RB,cytokin/chemokine_&_receptors
IL11,growth_factors_&_receptors
IL11,cytokin/chemokine_&_receptors
IL11RA,cytokin/chemokine_&_receptors
IL11RA,growth_factors_&_receptors
IL12A,growth_factors_&_receptors
IL12A,cytokin/chemokine_&_receptors
IL12B,growth_factors_&_receptors
IL12B,cytokin/chemokine_&_receptors
IL12RB1,growth_factors_&_receptors
IL12RB1,cytokin/chemokine_&_receptors
IL12RB2,cytokin/chemokine_&_receptors
IL13,cytokin/chemokine_&_receptors
IL13RA1,cytokin/chemokine_&_receptors
IL13RA2,cytokin/chemokine_&_receptors
IL15,cytokin/chemokine_&_receptors
IL15RA,cytokin/chemokine_&_receptors
IL16,cytokin/chemokine_&_receptors
IL17A,cytokin/chemokine_&_receptors
IL17B,cytokin/chemokine_&_receptors
IL17C,cytokin/chemokine_&_receptors
IL17D,cytokin/chemokine_&_receptors
IL17F,cytokin/chemokine_&_receptors
IL17RA,cytokin/chemokine_&_receptors
IL17RB,cytokin/chemokine_&_receptors
IL17RC,cytokin/chemokine_&_receptors
IL17RE,cytokin/chemokine_&_receptors
IL17REL,cytokin/chemokine_&_receptors
IL18,cytokin/chemokine_&_receptors
IL18R1,cytokin/chemokine_&_receptors
IL18RAP,cytokin/chemokine_&_receptors
IL19,cytokin/chemokine_&_receptors
IL1A,cytokin/chemokine_&_receptors
IL1A,growth_factors_&_receptors
IL1b,growth_factors_&_receptors
IL1B,growth_factors_&_receptors
IL1B,cytokin/chemokine_&_receptors
IL1F10,cytokin/chemokine_&_receptors
IL1F10,growth_factors_&_receptors
IL1F5,growth_factors_&_receptors
IL1R1,growth_factors_&_receptors
IL1R1,cytokin/chemokine_&_receptors
IL1R2,cytokin/chemokine_&_receptors
IL1R2,growth_factors_&_receptors
IL1RAP,growth_factors_&_receptors
IL1RAP,cytokin/chemokine_&_receptors
IL1RAPL1,growth_factors_&_receptors
IL1RL1,cytokin/chemokine_&_receptors
IL1RL2,cytokin/chemokine_&_receptors
IL1RN,cytokin/chemokine_&_receptors
IL1RN,growth_factors_&_receptors
IL2,growth_factors_&_receptors
IL2,cytokin/chemokine_&_receptors
IL20,cytokin/chemokine_&_receptors
IL20RA,cytokin/chemokine_&_receptors
IL20RB,cytokin/chemokine_&_receptors
IL21,growth_factors_&_receptors
IL21,cytokin/chemokine_&_receptors
IL21R,cytokin/chemokine_&_receptors
IL22,cytokin/chemokine_&_receptors
IL22RA1,cytokin/chemokine_&_receptors
IL23A,cytokin/chemokine_&_receptors
IL23R,growth_factors_&_receptors
IL23R,cytokin/chemokine_&_receptors
IL24,cytokin/chemokine_&_receptors
IL25,cytokin/chemokine_&_receptors
IL26,cytokin/chemokine_&_receptors
IL27,cytokin/chemokine_&_receptors
IL27RA,growth_factors_&_receptors
IL27RA,cytokin/chemokine_&_receptors
IL2R,growth_factors_&_receptors
IL2RA,cytokin/chemokine_&_receptors
IL2RA,growth_factors_&_receptors
IL2RB,cytokin/chemokine_&_receptors
IL2RB,growth_factors_&_receptors
IL2RG,cytokin/chemokine_&_receptors
IL2RG,growth_factors_&_receptors
IL3,growth_factors_&_receptors
IL3,cytokin/chemokine_&_receptors
IL31,cytokin/chemokine_&_receptors
IL31RA,cytokin/chemokine_&_receptors
IL32,cytokin/chemokine_&_receptors
IL33,cytokin/chemokine_&_receptors
IL34,cytokin/chemokine_&_receptors
IL34,growth_factors_&_receptors
IL36A,growth_factors_&_receptors
IL36A,cytokin/chemokine_&_receptors
IL36B,growth_factors_&_receptors
IL36B,cytokin/chemokine_&_receptors
IL36G,cytokin/chemokine_&_receptors
IL36G,growth_factors_&_receptors
IL36RN,cytokin/chemokine_&_receptors
IL36RN,growth_factors_&_receptors
IL37,growth_factors_&_receptors
IL37,cytokin/chemokine_&_receptors
IL3RA,cytokin/chemokine_&_receptors
IL4,growth_factors_&_receptors
IL4,cytokin/chemokine_&_receptors
IL4R,cytokin/chemokine_&_receptors
IL5,cytokin/chemokine_&_receptors
IL5,growth_factors_&_receptors
IL5RA,cytokin/chemokine_&_receptors
IL6,growth_factors_&_receptors
IL6,cytokin/chemokine_&_receptors
IL6R,growth_factors_&_receptors
IL6R,cytokin/chemokine_&_receptors
IL6ST,growth_factors_&_receptors
IL6ST,cytokin/chemokine_&_receptors
IL7,growth_factors_&_receptors
IL7,cytokin/chemokine_&_receptors
IL7R,cytokin/chemokine_&_receptors
IL9,growth_factors_&_receptors
IL9,cytokin/chemokine_&_receptors
IL9R,cytokin/chemokine_&_receptors
IL9R,growth_factors_&_receptors
INHA,growth_factors_&_receptors
INHA,cytokin/chemokine_&_receptors
INHA,hormones_&_receptors
INHBA,growth_factors_&_receptors
INHBA,cytokin/chemokine_&_receptors
INHBA,hormones_&_receptors
INHBB,cytokin/chemokine_&_receptors
INHBB,hormones_&_receptors
INHBB,growth_factors_&_receptors
INHBC,cytokin/chemokine_&_receptors
INHBC,growth_factors_&_receptors
INHBC,hormones_&_receptors
INHBE,cytokin/chemokine_&_receptors
INHBE,growth_factors_&_receptors
INHBE,hormones_&_receptors
INS,hormones_&_receptors
INS-IGF2,hormones_&_receptors
INSL3,hormones_&_receptors
INSL4,hormones_&_receptors
INSL5,hormones_&_receptors
INSL6,hormones_&_receptors
INSR,growth_factors_&_receptors
INSR,hormones_&_receptors
insulin_human,hormones_&_receptors
interleukin12_human,growth_factors_&_receptors
IRAK4,growth_factors_&_receptors
ITGA5,growth_factors_&_receptors
ITGA6,growth_factors_&_receptors
ITGAV,growth_factors_&_receptors
ITGB3,growth_factors_&_receptors
ITGB4,growth_factors_&_receptors
JAG1,growth_factors_&_receptors
JAG2,growth_factors_&_receptors
JAK1,hormones_&_receptors
JAK2,growth_factors_&_receptors
JAK2,hormones_&_receptors
JAK3,hormones_&_receptors
KAZALD1,growth_factors_&_receptors
KDR,growth_factors_&_receptors
KITLG,growth_factors_&_receptors
KL,growth_factors_&_receptors
KL,hormones_&_receptors
KLB,growth_factors_&_receptors
LACRT,growth_factors_&_receptors
Lefty1,growth_factors_&_receptors
LEFTY1,growth_factors_&_receptors
LEFTY2,growth_factors_&_receptors
LEP,cytokin/chemokine_&_receptors
LEP,hormones_&_receptors
LEPR,cytokin/chemokine_&_receptors
LEPR,hormones_&_receptors
LHB,hormones_&_receptors
LHCGR,hormones_&_receptors
LIF,growth_factors_&_receptors
LIF,cytokin/chemokine_&_receptors
LIFR,cytokin/chemokine_&_receptors
LIFR,growth_factors_&_receptors
LINGO1,growth_factors_&_receptors
LRP2,growth_factors_&_receptors
LRP2,hormones_&_receptors
LRRC32,growth_factors_&_receptors
LRRC54,growth_factors_&_receptors
lshb-cga_human,hormones_&_receptors
LTA,cytokin/chemokine_&_receptors
LTB,cytokin/chemokine_&_receptors
LTBP1,growth_factors_&_receptors
LTBP2,growth_factors_&_receptors
LTBP3,growth_factors_&_receptors
LTBP4,growth_factors_&_receptors
LTBR,cytokin/chemokine_&_receptors
LYN,growth_factors_&_receptors
M0QZQ0,growth_factors_&_receptors
MACC1,growth_factors_&_receptors
MANF,growth_factors_&_receptors
MC1R,hormones_&_receptors
MC3R,hormones_&_receptors
MC4R,hormones_&_receptors
MC5R,hormones_&_receptors
MCHR1,hormones_&_receptors
MDK,growth_factors_&_receptors
METRN,hormones_&_receptors
METRNL,hormones_&_receptors
MIA,growth_factors_&_receptors
MLN,hormones_&_receptors
MLNR,hormones_&_receptors
MPL,cytokin/chemokine_&_receptors
MS4A1,growth_factors_&_receptors
MSTN,cytokin/chemokine_&_receptors
MSTN,growth_factors_&_receptors
MTNR1A,hormones_&_receptors
MYD88,growth_factors_&_receptors
NCOA6,hormones_&_receptors
NCSTN,growth_factors_&_receptors
NENF,growth_factors_&_receptors
NGF,growth_factors_&_receptors
NGF,cytokin/chemokine_&_receptors
NGFR,cytokin/chemokine_&_receptors
NGFR,growth_factors_&_receptors
NKD2,growth_factors_&_receptors
NLRP7,growth_factors_&_receptors
NMB,hormones_&_receptors
NODAL,cytokin/chemokine_&_receptors
NODAL,growth_factors_&_receptors
NPFF,hormones_&_receptors
NPPA,hormones_&_receptors
NPPB,hormones_&_receptors
NPPC,hormones_&_receptors
NPR1,hormones_&_receptors
NPR2,hormones_&_receptors
NPR3,hormones_&_receptors
NPTN,growth_factors_&_receptors
NPY,hormones_&_receptors
NPY4R,hormones_&_receptors
NR3C1,hormones_&_receptors
NRDC,growth_factors_&_receptors
NRDC,hormones_&_receptors
NRG1,growth_factors_&_receptors
NRG2,growth_factors_&_receptors
NRG3,growth_factors_&_receptors
NRG4,growth_factors_&_receptors
NRP1,growth_factors_&_receptors
NRP2,growth_factors_&_receptors
NRROS,growth_factors_&_receptors
NRTN,growth_factors_&_receptors
NRXN1,growth_factors_&_receptors
NT6-gamma,growth_factors_&_receptors
NTF3,growth_factors_&_receptors
NTF4,growth_factors_&_receptors
NTF5,growth_factors_&_receptors
NTRK1,growth_factors_&_receptors
NTRK2,growth_factors_&_receptors
NTRK3,growth_factors_&_receptors
NTS,hormones_&_receptors
O15163,growth_factors_&_receptors
OGN,growth_factors_&_receptors
OSGIN1,growth_factors_&_receptors
OSGIN2,growth_factors_&_receptors
OSM,growth_factors_&_receptors
OSM,cytokin/chemokine_&_receptors
OSMR,cytokin/chemokine_&_receptors
OSMR,growth_factors_&_receptors
OSTN,hormones_&_receptors
OXT,hormones_&_receptors
OXTR,hormones_&_receptors
P69208,growth_factors_&_receptors
P78451,hormones_&_receptors
PACAP,hormones_&_receptors
PCSK6,growth_factors_&_receptors
PDCL3,growth_factors_&_receptors
PDE3A,hormones_&_receptors
pdgf-aa_human,growth_factors_&_receptors
pdgf-ab_human,growth_factors_&_receptors
pdgf-bb_human,growth_factors_&_receptors
PDGFA,growth_factors_&_receptors
PDGFB,growth_factors_&_receptors
PDGFC,growth_factors_&_receptors
PDGFD,growth_factors_&_receptors
PDGFRA,growth_factors_&_receptors
PDGFRB,growth_factors_&_receptors
Pe1Fe13,growth_factors_&_receptors
Pe1Fe3,growth_factors_&_receptors
Pe1Fe6,growth_factors_&_receptors
Pe7Fe14,growth_factors_&_receptors
PENK,hormones_&_receptors
PF4,cytokin/chemokine_&_receptors
PF4V1,cytokin/chemokine_&_receptors
PGF,growth_factors_&_receptors
PIBF1,growth_factors_&_receptors
PIK3R1,hormones_&_receptors
PLSCR1,growth_factors_&_receptors
PMCH,hormones_&_receptors
PMCHL1,hormones_&_receptors
PMCHL2,hormones_&_receptors
PNOC,hormones_&_receptors
POMC,hormones_&_receptors
PPBP,cytokin/chemokine_&_receptors
PPBP,growth_factors_&_receptors
PPY,hormones_&_receptors
PRED3,growth_factors_&_receptors
PRH,hormones_&_receptors
PRL,cytokin/chemokine_&_receptors
PRL,hormones_&_receptors
PRLH,hormones_&_receptors
PRLR,cytokin/chemokine_&_receptors
PRLR,hormones_&_receptors
PROK1,growth_factors_&_receptors
proopiomelanocortin/ POMC,hormones_&_receptors
PSEN1,growth_factors_&_receptors
PSMC5,hormones_&_receptors
PSPN,growth_factors_&_receptors
PTH,hormones_&_receptors
PTH1R,hormones_&_receptors
PTH2R,hormones_&_receptors
PTHLH,hormones_&_receptors
PTN,growth_factors_&_receptors
PTPN11,hormones_&_receptors
PTPRJ,growth_factors_&_receptors
PXDN,growth_factors_&_receptors
PYCARD,growth_factors_&_receptors
PYY,hormones_&_receptors
PYY3,hormones_&_receptors
Q14487,growth_factors_&_receptors
Q14569,growth_factors_&_receptors
Q15962,hormones_&_receptors
Q16089,growth_factors_&_receptors
Q4TVR7,hormones_&_receptors
Q53FH4,growth_factors_&_receptors
Q53FX1,growth_factors_&_receptors
Q53H39,growth_factors_&_receptors
Q53H39,hormones_&_receptors
Q53H93,growth_factors_&_receptors
Q59EB0,growth_factors_&_receptors
Q59F20,growth_factors_&_receptors
Q59FF1,growth_factors_&_receptors
Q59FH5,growth_factors_&_receptors
Q59GC5,growth_factors_&_receptors
Q59GC5,hormones_&_receptors
Q59GF0,hormones_&_receptors
Q59H07,growth_factors_&_receptors
Q5TZZ7,hormones_&_receptors
Q5Y392,hormones_&_receptors
Q647J8,growth_factors_&_receptors
Q6A549,growth_factors_&_receptors
Q6LBZ0,growth_factors_&_receptors
Q6QBS1,growth_factors_&_receptors
Q6ZSD0,growth_factors_&_receptors
Q7KZ35,hormones_&_receptors
Q7RU00,growth_factors_&_receptors
Q7Z532,growth_factors_&_receptors
Q86U50,hormones_&_receptors
Q86UF5,growth_factors_&_receptors
Q8N6T2,growth_factors_&_receptors
Q8NBG6,growth_factors_&_receptors
Q8TDB1,hormones_&_receptors
Q8TDB2,hormones_&_receptors
Q8TDZ6,growth_factors_&_receptors
Q9HBP0,growth_factors_&_receptors
Q9HBP0,hormones_&_receptors
Q9UE57,growth_factors_&_receptors
Q9UEW6,hormones_&_receptors
Q9UIS1,growth_factors_&_receptors
Q9UIS2,growth_factors_&_receptors
Q9UIS3,growth_factors_&_receptors
QRFP,hormones_&_receptors
RABEP1,growth_factors_&_receptors
RABEP2,growth_factors_&_receptors
RAMP1,hormones_&_receptors
RAMP2,hormones_&_receptors
REG1A,growth_factors_&_receptors
RELM-beta,hormones_&_receptors
RELT,cytokin/chemokine_&_receptors
RETN,hormones_&_receptors
RETNLB,hormones_&_receptors
RHBDF1,growth_factors_&_receptors
RHBDF2,growth_factors_&_receptors
RLN1,hormones_&_receptors
RLN2,hormones_&_receptors
RLN3,hormones_&_receptors
RNF126,growth_factors_&_receptors
RNF41,growth_factors_&_receptors
RPS19,growth_factors_&_receptors
RPS2,growth_factors_&_receptors
RXFP1,hormones_&_receptors
rxra-thra_human,hormones_&_receptors
rxra-thrb_human,hormones_&_receptors
S100A13,growth_factors_&_receptors
S4R385,hormones_&_receptors
S5MI63,growth_factors_&_receptors
SCN5A,growth_factors_&_receptors
SCT,hormones_&_receptors
SCTR,hormones_&_receptors
SDCBP,growth_factors_&_receptors
SEC61B,growth_factors_&_receptors
SEC61B,hormones_&_receptors
SHBG,hormones_&_receptors
SHC1,growth_factors_&_receptors
SHC1,hormones_&_receptors
SLC40A1,hormones_&_receptors
SLC9A3R1,growth_factors_&_receptors
SNX1,growth_factors_&_receptors
SNX2,growth_factors_&_receptors
SNX4,growth_factors_&_receptors
SOCS2,hormones_&_receptors
SOCS5,growth_factors_&_receptors
SORT1,growth_factors_&_receptors
SPINT3,growth_factors_&_receptors
SPX,hormones_&_receptors
SRC,growth_factors_&_receptors
SRPX2,growth_factors_&_receptors
SST,hormones_&_receptors
stc1,hormones_&_receptors
STC1,hormones_&_receptors
STC2,hormones_&_receptors
SULT2B1,hormones_&_receptors
T2DKX4,hormones_&_receptors
TDGF1,growth_factors_&_receptors
TDGF1P3,growth_factors_&_receptors
TFF1,growth_factors_&_receptors
TG,hormones_&_receptors
TGF-beta1,growth_factors_&_receptors
TGFA,growth_factors_&_receptors
TGFB1,cytokin/chemokine_&_receptors
TGFB1,growth_factors_&_receptors
TGFB2,cytokin/chemokine_&_receptors
TGFB2,growth_factors_&_receptors
TGFB3,cytokin/chemokine_&_receptors
TGFB3,growth_factors_&_receptors
TGFBR1,cytokin/chemokine_&_receptors
TGFBR1,growth_factors_&_receptors
TGFBR2,cytokin/chemokine_&_receptors
TGFBR2,growth_factors_&_receptors
TGFBR3,growth_factors_&_receptors
TGFBR3L,growth_factors_&_receptors
THBS1,growth_factors_&_receptors
THBS4,growth_factors_&_receptors
THPO,growth_factors_&_receptors
THPO,cytokin/chemokine_&_receptors
THPO,hormones_&_receptors
THRA,hormones_&_receptors
THRB,hormones_&_receptors
TIMM50,growth_factors_&_receptors
TIMP1,growth_factors_&_receptors
TLR5,growth_factors_&_receptors
TLR9,growth_factors_&_receptors
TNF,cytokin/chemokine_&_receptors
TNFRSF10A,cytokin/chemokine_&_receptors
TNFRSF10B,cytokin/chemokine_&_receptors
TNFRSF10C,cytokin/chemokine_&_receptors
TNFRSF10D,cytokin/chemokine_&_receptors
TNFRSF11A,cytokin/chemokine_&_receptors
TNFRSF11B,cytokin/chemokine_&_receptors
TNFRSF12A,cytokin/chemokine_&_receptors
TNFRSF13B,cytokin/chemokine_&_receptors
TNFRSF13C,cytokin/chemokine_&_receptors
TNFRSF14,cytokin/chemokine_&_receptors
TNFRSF17,cytokin/chemokine_&_receptors
TNFRSF18,cytokin/chemokine_&_receptors
TNFRSF19,cytokin/chemokine_&_receptors
TNFRSF1A,cytokin/chemokine_&_receptors
TNFRSF1B,cytokin/chemokine_&_receptors
TNFRSF21,cytokin/chemokine_&_receptors
TNFRSF25,cytokin/chemokine_&_receptors
TNFRSF4,cytokin/chemokine_&_receptors
TNFRSF6B,cytokin/chemokine_&_receptors
TNFRSF8,cytokin/chemokine_&_receptors
TNFRSF9,cytokin/chemokine_&_receptors
TNFSF10,cytokin/chemokine_&_receptors
TNFSF11,cytokin/chemokine_&_receptors
TNFSF12,cytokin/chemokine_&_receptors
TNFSF13,cytokin/chemokine_&_receptors
TNFSF13B,cytokin/chemokine_&_receptors
TNFSF14,cytokin/chemokine_&_receptors
TNFSF15,cytokin/chemokine_&_receptors
TNFSF18,cytokin/chemokine_&_receptors
TNFSF4,cytokin/chemokine_&_receptors
TNFSF8,cytokin/chemokine_&_receptors
TNFSF9,cytokin/chemokine_&_receptors
TNK2,growth_factors_&_receptors
TOLLIP,growth_factors_&_receptors
TOR2A,hormones_&_receptors
transthyretin/ TTR,hormones_&_receptors
TRH,hormones_&_receptors
TRIM16,growth_factors_&_receptors
TRIP6,growth_factors_&_receptors
TSHB,hormones_&_receptors
tshb-cga_human,hormones_&_receptors
TSKU,growth_factors_&_receptors
TSLP,growth_factors_&_receptors
TSLP,cytokin/chemokine_&_receptors
TSPO,hormones_&_receptors
TTR,hormones_&_receptors
TWSG1,growth_factors_&_receptors
TYK2,hormones_&_receptors
TYMP,growth_factors_&_receptors
U3MHQ9,hormones_&_receptors
UCN,hormones_&_receptors
UCN2,hormones_&_receptors
UCN3,hormones_&_receptors
UTS2,hormones_&_receptors
UTS2B,hormones_&_receptors
V9H0U8,hormones_&_receptors
VASN,growth_factors_&_receptors
VAV2,growth_factors_&_receptors
VAV3,growth_factors_&_receptors
VEGF,growth_factors_&_receptors
VEGFA,growth_factors_&_receptors
vegfa_human-1,growth_factors_&_receptors
VEGFB,growth_factors_&_receptors
vegfb_human-1,growth_factors_&_receptors
VEGFC,growth_factors_&_receptors
vegfc_human-1,growth_factors_&_receptors
VEGFD,growth_factors_&_receptors
VGF,hormones_&_receptors
VGF,growth_factors_&_receptors
VIP,hormones_&_receptors
VIPR1,hormones_&_receptors
VIPR2,hormones_&_receptors
WFIKKN1,growth_factors_&_receptors
WFIKKN2,growth_factors_&_receptors
XCL1,cytokin/chemokine_&_receptors
XCL2,cytokin/chemokine_&_receptors
XCR1,cytokin/chemokine_&_receptors
